,0,1,2,3,4,5,6,7,8,9,10,11,12,13,14,15,16,17,18,19
0,-25.369550911863172,-10.888399913625705,-15.173956695871965,-23.533538447348462,-24.514799727709175,-24.514799727709175,-24.514799727709175,-24.514799727709175,-24.514799727709175,-22.62056386606352,56.09821783111434,532.2285489896318,1281.116224723479,1353.0340953118969,1353.0340953118969,1353.0340953118969,1353.0340953118969,1353.0340953118969,1353.0340953118969,1353.0340953118969
1,10.092033711673025,33.4643963766664,16.16993620997266,-7.5380495031358805,-9.383664550234812,-9.383664550234812,-9.383664550234812,-9.383664550234812,-9.383664550234812,-4.177168827939511,75.72811764149066,563.8241017819107,1284.1924195466956,1351.292625829106,1351.292625829106,1351.292625829106,1351.292625829106,1351.292625829106,1351.292625829106,1351.292625829106
2,-9.636620575558993,7.935743296359533,-11.674617606345635,-43.37398393342818,-47.56361533126676,-47.56361533126676,-47.56361533126676,-47.56361533126676,-47.56361533126676,-45.87831975658489,39.271857251433914,497.4604248232888,1230.2622214665898,1307.4220183486239,1307.4220183486239,1307.4220183486239,1307.4220183486239,1307.4220183486239,1307.4220183486239,1307.4220183486239
3,29.924100527171447,40.41347051976851,37.96363342732201,9.558616374054026,5.366097419406003,5.366097419406003,5.366097419406003,5.366097419406003,5.366097419406003,8.901678656238175,58.38655621306833,368.11308101377983,1115.963936085015,1372.374956546702,1373.4039829302974,1373.4039829302974,1373.4039829302974,1373.4039829302974,1373.4039829302974,1373.4039829302974
4,-37.023557316321586,36.967036324036656,15.453624265500878,-26.29544543457513,-33.08939931014544,-33.08939931014544,-33.08939931014544,-33.08939931014544,-33.08939931014544,-28.2172032655032,65.82165830169998,556.4699931136824,1256.6122724884267,1345.3902433116386,1345.9182941410936,1345.9182941410936,1345.9182941410936,1345.9182941410936,1345.9182941410936,1345.9182941410936
5,18.545239113678036,38.99851853366252,20.02027037791015,8.062544932023997,5.94880326570572,5.94880326570572,5.94880326570572,5.94880326570572,5.94880326570572,9.589981657167442,105.12478316828603,591.6698474575085,1314.3972608922954,1368.3573246092346,1368.3573246092346,1368.3573246092346,1368.3573246092346,1368.3573246092346,1368.3573246092346,1368.3573246092346
6,97.20966669792898,78.04285211730354,60.82576551982646,31.521309850343386,30.13214145309584,30.13214145309584,30.13214145309584,30.13214145309584,30.13214145309584,30.13214145309584,43.38556143341711,286.8862881715739,1065.6706765551255,1386.9349892816608,1389.0794701986777,1389.0794701986777,1389.0794701986777,1389.0794701986777,1389.0794701986777,1389.0794701986777
7,26.63285003407009,50.61292913318664,30.646258433704872,9.83554391483213,9.704811361761728,9.704811361761728,9.704811361761728,9.704811361761728,9.704811361761728,17.69965355499471,138.4962374621943,668.0818384774457,1322.071204809514,1357.6539923954388,1357.6539923954388,1357.6539923954388,1357.6539923954388,1357.6539923954388,1357.6539923954388,1357.6539923954388
8,68.05745741426264,82.75547201630431,66.7106540171911,44.0493433093167,39.647614346212464,39.647614346212464,39.647614346212464,39.647614346212464,39.647614346212464,43.85178109267923,115.42453534999558,655.5616514590257,1350.8072608256957,1409.8410991636827,1409.8410991636827,1409.8410991636827,1409.8410991636827,1409.8410991636827,1409.8410991636827,1409.8410991636827
9,43.477928323607244,70.18786167838894,47.89990148441538,22.829969964407184,18.17730691553166,18.17730691553166,18.17730691553166,18.17730691553166,18.17730691553166,26.219197907172173,91.68887522216076,530.7452855842246,1254.841961615658,1355.035357417369,1355.035357417369,1355.035357417369,1355.035357417369,1355.035357417369,1355.035357417369,1355.035357417369
10,-5.999225080473764,42.72825627323809,12.133833177808668,0.3056505630821391,0.3056505630821391,0.3056505630821391,0.3056505630821391,0.3056505630821391,0.3056505630821391,3.563011981262349,74.00837231150936,465.7879574943332,1171.5036883709793,1346.425616547339,1346.425616547339,1346.425616547339,1346.425616547339,1346.425616547339,1346.425616547339,1346.425616547339
11,-71.81097265685133,-50.675670327012085,-37.34698609163408,-58.329467706012906,-67.21454669281218,-67.21454669281218,-67.21454669281218,-67.21454669281218,-67.21454669281218,-58.41247330028929,25.014568920239526,438.6714683345628,1110.4702262914989,1307.5566254011917,1307.5566254011917,1307.5566254011917,1307.5566254011917,1307.5566254011917,1307.5566254011917,1307.5566254011917
12,107.78649857597307,120.11791725830844,78.79707180409818,54.38356029595607,52.26396090727823,52.26396090727823,52.26396090727823,52.26396090727823,52.26396090727823,53.76933859824308,103.94260534560672,500.07148660600626,1267.626219365766,1397.372892141266,1397.372892141266,1397.372892141266,1397.372892141266,1397.372892141266,1397.372892141266,1397.372892141266
13,61.56546743254199,49.139481768844064,25.89369618681002,10.918204570487148,5.651940855898374,5.651940855898374,5.651940855898374,5.651940855898374,5.651940855898374,7.01951069456976,51.4179223501593,409.10380375201873,1168.011670849402,1348.9322567940148,1348.9322567940148,1348.9322567940148,1348.9322567940148,1348.9322567940148,1348.9322567940148,1348.9322567940148
14,33.328657435727706,45.561162751196974,41.2920871101301,23.435726734649677,11.011754731931717,10.226655960559924,10.226655960559924,10.226655960559924,10.226655960559924,14.215421372722176,81.86331866733818,405.71247453575086,1048.6132015289345,1374.9136560084376,1378.0034843205567,1378.0034843205567,1378.0034843205567,1378.0034843205567,1378.0034843205567,1378.0034843205567
15,49.46680731994033,33.195691812012655,22.24306175869887,9.641837759003835,6.3926550579116395,6.3926550579116395,6.3926550579116395,6.3926550579116395,6.3926550579116395,9.75788867781472,77.15833728093307,501.19418830336974,1256.5826567698748,1361.8603688954572,1362.3721103653959,1362.3721103653959,1362.3721103653959,1362.3721103653959,1362.3721103653959,1362.3721103653959
16,-17.690398953437153,17.015110977994397,-11.099575367144809,-17.015545641161083,-20.17446657395763,-20.17446657395763,-20.17446657395763,-20.17446657395763,-20.17446657395763,-16.167067810163104,23.460365614064955,347.95398539140933,1144.7474316577486,1365.5380100249406,1366.05139500734,1366.05139500734,1366.05139500734,1366.05139500734,1366.05139500734,1366.05139500734
17,61.0909601041117,117.55796584844879,90.97512467001334,49.30568152166623,45.3070410869162,45.3070410869162,45.3070410869162,45.3070410869162,45.3070410869162,51.69607654535767,153.69193443871362,719.0329500205472,1345.8265655127132,1374.2104890148855,1374.2104890148855,1374.2104890148855,1374.2104890148855,1374.2104890148855,1374.2104890148855,1374.2104890148855
18,62.00037424396979,72.83370673405469,43.54697266778024,32.27635499480144,32.27635499480144,32.27635499480144,32.27635499480144,32.27635499480144,32.27635499480144,36.59710642746356,107.20610015953551,506.473787222342,1259.3907078147781,1383.0223229164123,1383.5348284063905,1383.5348284063905,1383.5348284063905,1383.5348284063905,1383.5348284063905,1383.5348284063905
19,-44.6978008100354,6.705690065595547,-31.48887657107693,-42.52784368519457,-42.52784368519457,-42.52784368519457,-42.52784368519457,-42.52784368519457,-42.52784368519457,-35.732767413518275,67.4625902856315,540.8538705350429,1175.4113195476618,1321.7386827884673,1322.2543554006986,1322.2543554006986,1322.2543554006986,1322.2543554006986,1322.2543554006986,1322.2543554006986
20,27.200117021607582,48.00791289332079,30.065684986725216,-5.627105641677133,-10.86669794651965,-10.86669794651965,-10.86669794651965,-10.86669794651965,-10.86669794651965,-4.901907344676658,84.02717501886826,545.2308006908584,1142.2648315960694,1306.6510265046506,1309.826205641496,1309.826205641496,1309.826205641496,1309.826205641496,1309.826205641496,1309.826205641496
21,29.021492358227277,32.03098778833086,41.15823030850302,15.933652988222065,5.476826270915666,5.476826270915666,5.476826270915666,5.476826270915666,5.476826270915666,6.443980245479366,36.49988137772178,360.61339468613073,1139.818953369422,1364.1421779966936,1364.6632200886243,1364.6632200886243,1364.6632200886243,1364.6632200886243,1364.6632200886243,1364.6632200886243
22,26.801907500718613,54.09700392428974,22.15992624612352,17.887027260060933,17.887027260060933,17.887027260060933,17.887027260060933,17.887027260060933,17.887027260060933,21.62254040970504,118.26860947235176,522.5214115828071,1105.3598852619862,1387.4378305350579,1387.9507323568573,1387.9507323568573,1387.9507323568573,1387.9507323568573,1387.9507323568573,1387.9507323568573
23,25.693282732433943,54.77607324702683,24.244444899877237,-0.9550921014332232,-1.7215225096656752,-1.7215225096656752,-1.7215225096656752,-1.7215225096656752,-1.7215225096656752,7.540267505081346,111.69810787138249,660.9073119282925,1289.2215674579124,1354.7514428626378,1354.7514428626378,1354.7514428626378,1354.7514428626378,1354.7514428626378,1354.7514428626378,1354.7514428626378
24,53.09237677784566,29.207455496859808,19.958348772287735,8.419310470748911,6.890561673253359,6.890561673253359,6.890561673253359,6.890561673253359,6.890561673253359,6.890561673253359,25.986495469277656,240.39615505802342,940.6278212496846,1382.3586479231933,1390.612097304406,1390.612097304406,1390.612097304406,1390.612097304406,1390.612097304406,1390.612097304406
25,134.34453224168362,124.59663404683221,91.56768639960063,66.09261222794282,64.02884519733334,64.02884519733334,64.02884519733334,64.02884519733334,64.02884519733334,74.02217851909239,194.376301835106,732.2564377221236,1347.8649464839173,1370.7841726618724,1370.7841726618724,1370.7841726618724,1370.7841726618724,1370.7841726618724,1370.7841726618724,1370.7841726618724
26,78.3444775190867,113.53873098051383,67.20258240550555,35.90452909913074,33.08696652705606,33.08696652705606,33.08696652705606,33.08696652705606,33.08696652705606,37.150670786210526,122.42193530967575,552.6758110176281,1277.7969674838068,1373.4039829302974,1373.4039829302974,1373.4039829302974,1373.4039829302974,1373.4039829302974,1373.4039829302974,1373.4039829302974
27,-12.249260744502863,7.810974688344174,-19.07612050053325,-40.525508852475895,-40.9416567007126,-40.9416567007126,-40.9416567007126,-40.9416567007126,-40.9416567007126,-40.108096980517416,-14.267002628613227,235.25403678755015,1018.8968371017288,1308.49542961609,1308.49542961609,1308.49542961609,1308.49542961609,1308.49542961609,1308.49542961609,1308.49542961609
28,35.095253996090236,44.23035971447334,3.3392963784692995,-12.712400283702891,-14.3588565772163,-14.3588565772163,-14.3588565772163,-14.3588565772163,-14.3588565772163,-13.3588565772163,50.18073086900435,459.88610147148574,1229.5411904913055,1353.9911231184838,1353.9911231184838,1353.9911231184838,1353.9911231184838,1353.9911231184838,1353.9911231184838,1353.9911231184838
29,-25.24426129558202,-1.7145800294047717,-25.404003862542652,-58.651967805236666,-59.69121937483732,-59.69121937483732,-59.69121937483732,-59.69121937483732,-59.69121937483732,-58.691219374836805,10.69853261828223,492.25450950221324,1218.6582391887084,1309.4282460136628,1309.4282460136628,1309.4282460136628,1309.4282460136628,1309.4282460136628,1309.4282460136628,1309.4282460136628
30,99.33062140879247,87.9374066059438,67.46336111193045,28.573173183662277,20.8087579997989,20.8087579997989,20.8087579997989,20.8087579997989,21.808757999799866,27.397309900090534,92.12592451876338,468.00224401968865,1224.8615568499176,1353.8598276475914,1354.3718689788047,1354.3718689788047,1354.3718689788047,1354.3718689788047,1354.3718689788047,1354.3718689788047
31,58.59114492246897,107.18493429577745,76.1082601312284,54.95008561008058,54.95008561008058,54.95008561008058,54.95008561008058,54.95008561008058,54.95008561008058,56.239613626003546,98.63350943455293,442.6655698251564,1258.4338423301256,1413.3167155425206,1413.3167155425206,1413.3167155425206,1413.3167155425206,1413.3167155425206,1413.3167155425206,1413.3167155425206
32,123.33540488832466,135.9160706676118,121.30736068847614,94.6666947051852,89.2169498329655,89.2169498329655,89.2169498329655,89.2169498329655,89.2169498329655,94.23943068658576,216.8648849287133,771.7956406336007,1386.3944473430934,1409.4979054458404,1409.4979054458404,1409.4979054458404,1409.4979054458404,1409.4979054458404,1409.4979054458404,1409.4979054458404
33,91.42295199213777,98.53527310252582,67.99119638609324,51.258065880786035,51.258065880786035,51.258065880786035,51.258065880786035,51.258065880786035,51.258065880786035,59.00345922577566,168.6678770166423,666.5073930380136,1343.6391689526117,1383.6086956521763,1383.6086956521763,1383.6086956521763,1383.6086956521763,1383.6086956521763,1383.6086956521763,1383.6086956521763
34,109.0417447169649,88.23822675104975,65.18387798372794,49.123868001567985,47.178601102117625,47.178601102117625,47.178601102117625,47.178601102117625,47.178601102117625,49.864641511889715,139.50538383551117,609.1337438020223,1288.2178739969045,1368.2727272727261,1368.2727272727261,1368.2727272727261,1368.2727272727261,1368.2727272727261,1368.2727272727261,1368.2727272727261
35,91.63191972090118,97.67492096080446,61.52554849653734,30.087933848090188,27.555432281946025,27.555432281946025,27.555432281946025,27.555432281946025,27.555432281946025,29.950866842013,70.17177766721522,450.29691268685843,1242.8972823141519,1360.84990619137,1360.84990619137,1360.84990619137,1360.84990619137,1360.84990619137,1360.84990619137,1360.84990619137
36,-10.91216996641765,42.30417992598191,5.58872360569049,-20.045375893776963,-23.217381450540387,-23.217381450540387,-23.217381450540387,-23.217381450540387,-23.217381450540387,-21.34960141836345,29.98890691249531,411.8854275164829,1197.6967048306085,1347.6349960411728,1347.6349960411728,1347.6349960411728,1347.6349960411728,1347.6349960411728,1347.6349960411728,1347.6349960411728
37,22.068106493051914,46.85049902279559,33.104755548111996,-16.702632001772315,-19.03612975702947,-19.03612975702947,-19.03612975702947,-19.03612975702947,-19.03612975702947,-18.267887859510296,17.52525435428504,311.0794365542006,1126.5060456736337,1338.2742200328375,1338.2742200328375,1338.2742200328375,1338.2742200328375,1338.2742200328375,1338.2742200328375,1338.2742200328375
38,24.54444388850493,57.702923226955136,12.836239342658075,-10.577563463579565,-11.458890595832145,-11.458890595832145,-11.458890595832145,-11.458890595832145,-11.458890595832145,-8.101370933225553,61.701120398071,490.0090882964135,1158.4030903004052,1329.9814555269902,1330.5012679628055,1330.5012679628055,1330.5012679628055,1330.5012679628055,1330.5012679628055,1330.5012679628055
39,-3.71376475654597,26.189490975528543,0.29257541178535007,-12.207331032479829,-13.493420789954882,-13.493420789954882,-13.493420789954882,-13.493420789954882,-13.493420789954882,-12.884428780250317,15.720499459069686,271.447754580895,1079.521617856633,1352.9928188326232,1353.5135344160879,1353.5135344160879,1353.5135344160879,1353.5135344160879,1353.5135344160879,1353.5135344160879
40,83.27437245986115,89.39922573930593,56.2739736959808,32.286856821666674,31.427710078008403,31.427710078008403,31.427710078008403,31.427710078008403,31.427710078008403,35.00264758533365,93.37430371182674,419.7589009712399,1061.7129171944357,1379.960427401955,1380.99312478515,1380.99312478515,1380.99312478515,1380.99312478515,1380.99312478515,1380.99312478515
41,-63.25462623727725,-35.652322018689574,-51.648117616782656,-72.35933049776341,-75.83725722108699,-75.83725722108699,-75.83725722108699,-75.83725722108699,-75.83725722108699,-73.48799234433218,-11.947762087193212,303.2395782915319,1127.5819268937641,1297.3946869070194,1297.3946869070194,1297.3946869070194,1297.3946869070194,1297.3946869070194,1297.3946869070194,1297.3946869070194
42,-8.386239025621705,4.1294384246590425,-10.57639459272923,-37.701007266155614,-43.24361765793904,-44.0476893235909,-44.0476893235909,-44.0476893235909,-44.0476893235909,-41.03106208325019,43.41061538266081,452.7633505353183,1205.5882778579016,1332.3182199832104,1332.3182199832104,1332.3182199832104,1332.3182199832104,1332.3182199832104,1332.3182199832104,1332.3182199832104
43,59.667619631067,76.67163951357742,80.83367977810116,25.62168148155604,14.508374487428853,14.508374487428853,14.508374487428853,15.508374487428853,15.508374487428853,27.72308011683134,150.415319767232,659.5143909698497,1242.1765939247096,1335.9896480331247,1335.9896480331247,1335.9896480331247,1335.9896480331247,1335.9896480331247,1335.9896480331247,1335.9896480331247
44,71.17297957058315,78.19928887916774,70.69740831205496,37.72573370318784,32.98057900344651,32.98057900344651,32.98057900344651,32.98057900344651,32.98057900344651,32.98057900344651,70.72288496987915,389.44987887818496,1148.5083194838028,1396.2,1396.2,1396.2,1396.2,1396.2,1396.2,1396.2
45,51.53112422003895,81.34158314585994,85.97123751829912,45.338938321469016,37.98966286715563,37.98966286715563,37.98966286715563,37.98966286715563,37.98966286715563,46.51473551638483,126.22200923019295,554.0836410197912,1330.8610566185203,1403.163833075736,1403.163833075736,1403.163833075736,1403.163833075736,1403.163833075736,1403.163833075736,1403.163833075736
46,-12.05302095911955,-7.33260522282626,-24.855068683093265,-37.07047791691184,-38.38454249834726,-38.38454249834726,-38.38454249834726,-38.38454249834726,-38.38454249834726,-32.92624643760925,61.97729013983093,534.2588669462909,1283.4139861642286,1332.3182199832104,1332.3182199832104,1332.3182199832104,1332.3182199832104,1332.3182199832104,1332.3182199832104,1332.3182199832104
47,24.412608780030354,46.13654787226872,16.448625531544195,3.903086857612209,1.3520749045322873,1.3520749045322873,1.3520749045322873,1.3520749045322873,1.3520749045322873,13.789347612054058,131.58170976205778,616.9288811250145,1307.4716650930998,1356.0707998469213,1356.0707998469213,1356.0707998469213,1356.0707998469213,1356.0707998469213,1356.0707998469213,1356.0707998469213
48,-39.746420398136706,-34.44419313706703,-49.186505210049575,-73.762762163764,-78.22947192790974,-78.22947192790974,-78.22947192790974,-78.22947192790974,-78.22947192790974,-76.63394173318699,-47.80084002604923,224.19146177106552,950.545149826437,1278.587500966935,1281.1599200399842,1281.1599200399842,1281.1599200399842,1281.1599200399842,1281.1599200399842,1281.1599200399842
49,70.62919916131384,118.07151176820295,94.69237520512561,50.11254626694094,40.55013467019941,39.83185405253832,39.83185405253832,39.83185405253832,39.83185405253832,40.85762973455067,106.53203478216668,539.6472408577338,1308.2533463958196,1394.6814958091543,1394.6814958091543,1394.6814958091543,1394.6814958091543,1394.6814958091543,1394.6814958091543,1394.6814958091543
50,98.80696075173609,109.24372744493115,118.23282469636064,71.32314710953335,64.0745931124452,64.0745931124452,64.0745931124452,64.0745931124452,64.0745931124452,64.0745931124452,122.75430810151363,541.3101828415219,1323.6527722218998,1413.9201987722881,1413.9201987722881,1413.9201987722881,1413.9201987722881,1413.9201987722881,1413.9201987722881,1413.9201987722881
51,-78.15601450199637,-53.62940384019748,-76.57037183447756,-106.40752582768806,-111.42063695614493,-111.42063695614493,-111.42063695614493,-111.42063695614493,-111.42063695614493,-111.42063695614493,-75.09033373714624,221.31736599775053,1016.205550929104,1234.6713111418417,1235.70319634704,1235.70319634704,1235.70319634704,1235.70319634704,1235.70319634704,1235.70319634704
52,34.70849999901259,71.73922239633663,62.63407630191023,42.97273723346018,36.434328087930226,35.93626835987146,35.93626835987146,35.93626835987146,36.759531480491546,44.3673062330995,172.8739019733399,706.2466533254355,1351.6653020628212,1382.3460881448582,1382.3460881448582,1382.3460881448582,1382.3460881448582,1382.3460881448582,1382.3460881448582,1382.3460881448582
53,-17.61420094746316,7.506497820187008,29.51655937091985,6.207240121525302,1.4812411770457174,1.4812411770457174,1.4812411770457174,1.4812411770457174,1.4812411770457174,2.3718270403593635,57.84547048480604,384.640178221062,1080.1791912741458,1370.2925783587316,1372.3469096105734,1372.3469096105734,1372.3469096105734,1372.3469096105734,1372.3469096105734,1372.3469096105734
54,-2.5681793861217272,16.462153456359744,2.1041133497260773,-11.502645161702645,-12.136841214593261,-12.136841214593261,-12.136841214593261,-12.136841214593261,-12.136841214593261,-6.017942750051816,95.11897808027388,638.3317382166633,1317.103223671664,1350.4126859827772,1350.4126859827772,1350.4126859827772,1350.4126859827772,1350.4126859827772,1350.4126859827772,1350.4126859827772
55,-5.472277809377175,6.455877767987033,-18.993059546120634,-38.287519875368304,-39.77382909189839,-39.77382909189839,-39.77382909189839,-39.77382909189839,-39.77382909189839,-39.77382909189839,-4.6190431663730465,311.62085297070774,1113.1807957506767,1352.8720660381969,1355.9770290964766,1355.9770290964766,1355.9770290964766,1355.9770290964766,1355.9770290964766,1355.9770290964766
56,106.26169807740894,133.4480979486106,128.79236635968385,67.59801932844329,61.52486564086132,61.52486564086132,61.52486564086132,61.52486564086132,61.52486564086132,83.04903143737852,220.2823282583352,764.3591601761848,1240.9395746953069,1383.9036635006748,1383.9036635006748,1383.9036635006748,1383.9036635006748,1383.9036635006748,1383.9036635006748,1383.9036635006748
57,139.28080574312077,150.9454577814455,105.4335093704787,79.03113656547441,76.80107746036475,76.80107746036475,76.80107746036475,76.80107746036475,76.80107746036475,84.22691049662274,139.40606865236555,431.06806728563714,1076.013027328957,1409.317733584649,1411.3703703703695,1411.3703703703695,1411.3703703703695,1411.3703703703695,1411.3703703703695,1411.3703703703695
58,25.754689947395292,85.8545184591753,48.80919912875473,20.062283485431863,17.092142065535057,17.092142065535057,17.092142065535057,17.092142065535057,17.092142065535057,19.990611492203726,104.66294038872107,650.0217783277486,1317.733020912859,1367.2527392257134,1367.2527392257134,1367.2527392257134,1367.2527392257134,1367.2527392257134,1367.2527392257134,1367.2527392257134
59,43.9589646883515,73.00753568529208,43.27645035817136,30.83936298998381,30.83936298998381,30.83936298998381,30.83936298998381,30.83936298998381,30.83936298998381,30.83936298998381,71.5287218357515,333.9602754031673,1039.3370529918718,1401.2659060083379,1403.4081506637863,1403.4081506637863,1403.4081506637863,1403.4081506637863,1403.4081506637863,1403.4081506637863
60,-94.22720220063889,-47.641395481620464,-72.22913213051578,-99.00742687524001,-102.71904479493546,-102.71904479493546,-102.71904479493546,-102.71904479493546,-102.71904479493546,-102.71904479493546,-70.0316803426561,149.50871715581764,967.8063769470498,1269.9041281672467,1270.9329551315159,1270.9329551315159,1270.9329551315159,1270.9329551315159,1270.9329551315159,1270.9329551315159
61,6.252857791852364,10.0257061339409,9.57530528295294,-11.315147331908207,-15.616795554494871,-15.616795554494871,-15.616795554494871,-15.616795554494871,-15.616795554494871,-12.63555243330461,17.64016390447358,211.99369685045122,739.6278824782444,1350.1506330454793,1375.2504409171077,1375.2504409171077,1375.2504409171077,1375.2504409171077,1375.2504409171077,1375.2504409171077
62,-37.10795352446192,10.830091345774747,-3.298697334932683,-22.809972059535085,-28.471844428515396,-28.471844428515396,-28.471844428515396,-28.471844428515396,-28.471844428515396,-25.268247624478704,48.92185191121632,465.32748980890034,1228.4379671893919,1320.7898423817871,1320.7898423817871,1320.7898423817871,1320.7898423817871,1320.7898423817871,1320.7898423817871,1320.7898423817871
63,6.796458735618728,37.40294674210361,32.59361495749147,-1.1825278432813775,-8.800683156166997,-8.800683156166997,-8.800683156166997,-8.800683156166997,-8.800683156166997,-8.394075782404116,42.45178776386081,434.053211676125,1200.2431868637968,1328.8911564625796,1328.8911564625796,1328.8911564625796,1328.8911564625796,1328.8911564625796,1328.8911564625796,1328.8911564625796
64,49.65830015752539,68.67184132835627,19.18575046784673,-0.26078906794583645,-0.26078906794583645,-0.26078906794583645,-0.26078906794583645,-0.26078906794583645,-0.26078906794583645,3.8960522276385063,63.70476522744866,461.15888236305915,1193.1980378580404,1338.867596015526,1340.4136807817586,1340.4136807817586,1340.4136807817586,1340.4136807817586,1340.4136807817586,1340.4136807817586
65,68.04182448015874,71.71108171786543,52.307231750716795,43.03253469452383,41.1198197115053,41.1198197115053,41.1198197115053,41.1198197115053,41.1198197115053,49.88810495907617,159.43272767378366,654.7499381849766,1345.6608895905674,1379.1629116117872,1379.1629116117872,1379.1629116117872,1379.1629116117872,1379.1629116117872,1379.1629116117872,1379.1629116117872
66,-32.679720431956696,-5.3690044742839405,-24.413035954391376,-52.70495782452275,-56.676256249899865,-56.676256249899865,-56.676256249899865,-56.676256249899865,-56.676256249899865,-55.51840272298659,-29.416636294348137,222.3724331830182,1007.0424724938981,1316.8397970791848,1322.3757074444943,1322.3757074444943,1322.3757074444943,1322.3757074444943,1322.3757074444943,1322.3757074444943
67,100.8348995223096,125.40273769571692,109.96114495507172,66.49874372898901,56.214319692489056,56.214319692489056,56.214319692489056,56.214319692489056,56.214319692489056,63.222144002378485,166.9232036668399,666.611362154594,1328.870535938883,1380.3217181766565,1380.841761265908,1380.841761265908,1380.841761265908,1380.841761265908,1380.841761265908,1380.841761265908
68,-47.15911525261839,-23.15353232078104,-15.204996059405886,-36.07596561946258,-46.74873853170408,-46.74873853170408,-46.74873853170408,-46.74873853170408,-46.74873853170408,-46.74873853170408,-8.47648444744084,347.9717120019735,1181.423067424162,1334.1472937988833,1334.6662505201846,1334.6662505201846,1334.6662505201846,1334.6662505201846,1334.6662505201846,1334.6662505201846
69,-11.154373964077081,2.5966692193184713,-12.127889219057124,-28.849591744559035,-28.849591744559035,-28.849591744559035,-28.849591744559035,-28.849591744559035,-28.849591744559035,-22.367041134247586,57.70010808853732,483.4514886740133,1216.46367816171,1336.3184449958658,1336.3184449958658,1336.3184449958658,1336.3184449958658,1336.3184449958658,1336.3184449958658,1336.3184449958658
70,37.186403048871114,19.681684924351543,-3.494285935005337,-19.210140740270305,-20.34702690438388,-20.34702690438388,-20.34702690438388,-20.34702690438388,-20.34702690438388,-18.825908785461735,41.35466785449307,432.9594079665232,1189.1172043073802,1335.9896480331247,1335.9896480331247,1335.9896480331247,1335.9896480331247,1335.9896480331247,1335.9896480331247,1335.9896480331247
71,-55.48259212932311,-25.44084961825223,-23.58753991979347,-49.81464975820535,-55.644082496826826,-55.644082496826826,-55.644082496826826,-55.644082496826826,-55.644082496826826,-49.271077034320626,41.817711586251676,502.69739089317056,1236.230195398487,1326.6750964423486,1326.6750964423486,1326.6750964423486,1326.6750964423486,1326.6750964423486,1326.6750964423486,1326.6750964423486
72,16.154230357929237,-5.661120949735505,7.487378748237603,-14.826853555957598,-21.482475560869148,-21.482475560869148,-21.482475560869148,-21.482475560869148,-21.482475560869148,-21.482475560869148,-11.557359714355954,188.32792697137697,924.0155517750097,1370.9478327247664,1378.8549114890664,1378.8549114890664,1378.8549114890664,1378.8549114890664,1378.8549114890664,1378.8549114890664
73,1.4791106184119087,45.81669017451185,38.46984721146191,-7.088476846447236,-20.046299491312766,-20.046299491312766,-20.046299491312766,-20.046299491312766,-20.046299491312766,-20.046299491312766,13.565108841346984,397.10906524640546,1260.0205217874172,1356.616522445378,1357.6539923954388,1357.6539923954388,1357.6539923954388,1357.6539923954388,1357.6539923954388,1357.6539923954388
74,-49.465717108663995,-4.72878121017726,-39.03880984040711,-50.25638001627473,-50.25638001627473,-50.25638001627473,-50.25638001627473,-50.25638001627473,-50.25638001627473,-47.4949523909828,29.532912278431866,556.2949845385358,1264.910768829217,1301.1380460939915,1301.6548175865282,1301.6548175865282,1301.6548175865282,1301.6548175865282,1301.6548175865282,1301.6548175865282
75,39.62000388354036,72.14416358038781,61.48430813892983,32.893345960743886,30.64979997880792,30.64979997880792,30.64979997880792,30.64979997880792,30.64979997880792,32.15666953936946,88.75562376580288,519.3237910992642,1310.8642899117208,1400.3101285669507,1400.3101285669507,1400.3101285669507,1400.3101285669507,1400.3101285669507,1400.3101285669507,1400.3101285669507
76,-29.63946692841003,-4.604481677177347,11.610867517072904,-4.861472065265673,-9.533227598487258,-9.533227598487258,-9.533227598487258,-9.533227598487258,-9.533227598487258,-6.2087515929546555,22.555419800391917,286.15092410355965,1082.6985295750271,1394.6387974043828,1395.6743663779264,1395.6743663779264,1395.6743663779264,1395.6743663779264,1395.6743663779264,1395.6743663779264
77,51.72946388056232,35.89749769294241,31.224211821633162,-4.827896427650103,-11.869120194358317,-11.869120194358317,-11.869120194358317,-11.869120194358317,-11.869120194358317,-10.071773697266423,10.780319703422606,261.3689785308812,1081.9438567679847,1369.162696651637,1370.7013314141768,1370.7013314141768,1370.7013314141768,1370.7013314141768,1370.7013314141768,1370.7013314141768
78,-21.948247779913572,21.85025165979141,-16.313964701935276,-36.78782424927965,-38.023000775330416,-38.023000775330416,-38.023000775330416,-38.023000775330416,-38.023000775330416,-30.77770963670673,70.36861906466464,600.3990931055527,1271.184802824108,1318.4392935982269,1318.4392935982269,1318.4392935982269,1318.4392935982269,1318.4392935982269,1318.4392935982269,1318.4392935982269
79,86.32829480772787,97.85762944641627,70.18868560828625,39.60294004104921,36.42714104143644,36.42714104143644,36.42714104143644,36.42714104143644,36.42714104143644,41.01252604617494,105.33859905767295,488.1168033366696,1225.726691026453,1404.0769230769226,1404.0769230769226,1404.0769230769226,1404.0769230769226,1404.0769230769226,1404.0769230769226,1404.0769230769226
80,-97.84947386946249,-92.79655647787536,-94.55774349438173,-102.35825429885307,-104.20302412734003,-104.20302412734003,-104.20302412734003,-104.20302412734003,-104.20302412734003,-102.01467962706761,-41.89739122940517,369.7760004595297,1152.9110452422058,1281.752850514169,1282.2749003984022,1282.2749003984022,1282.2749003984022,1282.2749003984022,1282.2749003984022,1282.2749003984022
81,5.168377463025024,27.012887516294484,17.878115492051904,-7.063094027394442,-16.23224608677424,-16.8644111451797,-16.8644111451797,-16.8644111451797,-16.8644111451797,-16.8644111451797,4.331384650225829,211.6438003997602,1062.322129476743,1356.2581261950302,1356.2581261950302,1356.2581261950302,1356.2581261950302,1356.2581261950302,1356.2581261950302,1356.2581261950302
82,115.02600719233058,158.51522470849014,106.61026633531381,80.43486786847026,79.96117240500499,79.96117240500499,79.96117240500499,79.96117240500499,79.96117240500499,93.00865276311114,249.42139314245085,843.0493152118537,1369.6126286630272,1406.2935807727397,1406.2935807727397,1406.2935807727397,1406.2935807727397,1406.2935807727397,1406.2935807727397,1406.2935807727397
83,60.43030507821632,117.06173711049362,89.0948207483365,60.196914517063504,48.22526482940086,47.387020447569256,47.387020447569256,47.387020447569256,47.387020447569256,58.77238844145873,187.28814966920945,747.1495406746526,1309.111348645054,1375.011299435026,1375.011299435026,1375.011299435026,1375.011299435026,1375.011299435026,1375.011299435026,1375.011299435026
84,81.09376013871662,110.07383381217556,136.61417653856734,79.10162403408026,66.33120062757217,65.2577686075573,65.2577686075573,65.2577686075573,65.2577686075573,68.24031775778445,134.71770061112278,548.7987390383125,1299.590357614536,1404.7103329265315,1405.2214744570238,1405.2214744570238,1405.2214744570238,1405.2214744570238,1405.2214744570238,1405.2214744570238
85,27.36811593299052,32.39546376402302,-15.706812957827253,-29.938264156477715,-31.18612366416312,-31.18612366416312,-31.18612366416312,-31.18612366416312,-30.798678867565513,-19.329863800163935,90.82058232672102,598.6291560123825,1265.1834420045643,1310.4870630957807,1310.4870630957807,1310.4870630957807,1310.4870630957807,1310.4870630957807,1310.4870630957807,1310.4870630957807
86,73.73863438035252,71.51286226891708,51.077846396691285,41.35010502191298,40.618903285571434,40.618903285571434,40.618903285571434,40.618903285571434,40.618903285571434,44.62575391040792,136.5707090479876,631.035397652126,1342.9719343481047,1390.612097304406,1390.612097304406,1390.612097304406,1390.612097304406,1390.612097304406,1390.612097304406,1390.612097304406
87,65.09667870272213,76.44667087591878,43.631865059183184,26.39534238360943,24.498546489969613,24.498546489969613,24.498546489969613,24.498546489969613,24.498546489969613,25.333986407454233,71.50721126695967,410.8456766442795,1215.6754122137456,1392.5988277434049,1392.5988277434049,1392.5988277434049,1392.5988277434049,1392.5988277434049,1392.5988277434049,1392.5988277434049
88,-27.932870562494486,-4.92662973699629,-39.741924181182924,-66.17993388282113,-68.52640162784257,-68.52640162784257,-68.52640162784257,-68.52640162784257,-68.52640162784257,-62.424726689549345,25.69852272185625,524.2056725075681,1248.272266882116,1290.7721764420728,1290.7721764420728,1290.7721764420728,1290.7721764420728,1290.7721764420728,1290.7721764420728,1290.7721764420728
89,126.37600274098571,178.72085508759744,138.53909445953354,101.46989853245884,97.903932628517,97.903932628517,97.903932628517,97.903932628517,97.903932628517,103.67869792543775,179.2689140747516,558.9593138164558,1304.8765739059113,1416.4555940023079,1416.4555940023079,1416.4555940023079,1416.4555940023079,1416.4555940023079,1416.4555940023079,1416.4555940023079
90,104.90135692241381,91.75129805355016,63.24393673861283,50.488041594261745,48.15160697292987,48.15160697292987,48.15160697292987,48.15160697292987,48.15160697292987,48.15160697292987,96.8853017211261,431.6705485986941,1233.8048994196326,1367.7638483964984,1367.7638483964984,1367.7638483964984,1367.7638483964984,1367.7638483964984,1367.7638483964984,1367.7638483964984
91,45.12427706784277,68.25525376988188,64.97556684320242,37.668896433652236,27.8671346880555,27.8671346880555,27.8671346880555,27.8671346880555,27.8671346880555,27.8671346880555,85.1001152553026,389.2471717014779,1180.2391526625024,1384.4126670647222,1385.4392051195696,1385.4392051195696,1385.4392051195696,1385.4392051195696,1385.4392051195696,1385.4392051195696
92,42.0788690877074,49.84781802259778,40.01575777350854,18.98322582378009,13.290558373792663,13.290558373792663,13.290558373792663,13.290558373792663,13.290558373792663,16.639516159217834,83.88227305324244,428.8136590077336,1117.9777997473225,1380.418352159952,1381.9719370294329,1381.9719370294329,1381.9719370294329,1381.9719370294329,1381.9719370294329,1381.9719370294329
93,-9.065952893669362,31.442609425487802,7.418604113607927,-19.13383827593455,-24.80458169997621,-25.492192708029705,-25.492192708029705,-25.492192708029705,-25.492192708029705,-25.492192708029705,17.106972022393194,440.532260728751,1198.7341865730093,1355.035357417369,1355.035357417369,1355.035357417369,1355.035357417369,1355.035357417369,1355.035357417369,1355.035357417369
94,48.16237539879859,67.95381977198065,29.261473151127063,5.925159640996242,4.895169525472795,4.895169525472795,4.895169525472795,4.895169525472795,4.895169525472795,4.895169525472795,29.77466455664495,373.91155980587456,1145.1683792215176,1343.6588658236224,1344.6924309171013,1344.6924309171013,1344.6924309171013,1344.6924309171013,1344.6924309171013,1344.6924309171013
95,50.39113643475082,67.30961144941182,17.812864018199377,3.2924846665854943,3.2924846665854943,3.2924846665854943,3.2924846665854943,3.2924846665854943,3.2924846665854943,6.955929685072704,79.79415812247197,470.4076155286035,1220.9906358445028,1341.0487408610866,1341.0487408610866,1341.0487408610866,1341.0487408610866,1341.0487408610866,1341.0487408610866,1341.0487408610866
96,29.397002407768298,19.087822883440253,-13.324139349740534,-26.612375659628213,-29.57044105378185,-29.57044105378185,-29.57044105378185,-29.57044105378185,-29.57044105378185,-25.353933571452046,43.451265953529116,423.01209607960465,1218.7144911073506,1331.753050063097,1331.753050063097,1331.753050063097,1331.753050063097,1331.753050063097,1331.753050063097,1331.753050063097
97,51.52227949721785,43.36414131928515,47.613677296722045,25.68191507305474,20.929441580582136,20.929441580582136,20.929441580582136,20.929441580582136,20.929441580582136,32.85836450687262,151.7818007978752,640.0785821940295,1308.8720691353292,1373.5657427149947,1373.5657427149947,1373.5657427149947,1373.5657427149947,1373.5657427149947,1373.5657427149947,1373.5657427149947
98,4.768753357737978,23.660146036829133,2.0368528147045026,-20.5298602269647,-23.074565620166453,-23.074565620166453,-23.074565620166453,-23.074565620166453,-23.074565620166453,-18.597459137255356,57.450960326932204,508.0615958115876,1250.0657082924604,1339.3483237939477,1339.3483237939477,1339.3483237939477,1339.3483237939477,1339.3483237939477,1339.3483237939477,1339.3483237939477
99,23.124231900816255,30.461116554413763,22.958341315543805,-0.33813494566391,-3.933374173633837,-3.933374173633837,-3.933374173633837,-3.933374173633837,-3.933374173633837,-1.1421866014786701,44.633477887562776,336.3350104870708,1063.604464616079,1352.6492045013579,1352.6492045013579,1352.6492045013579,1352.6492045013579,1352.6492045013579,1352.6492045013579,1352.6492045013579
